{
  "description": "项目私有配置文件。此文件中的内容将覆盖 project.config.json 中的相同字段。项目的改动优先同步到此文件中。详见文档：https://developers.weixin.qq.com/miniprogram/dev/devtools/projectconfig.html",
  "projectname": "%E5%89%8D%E7%AB%AF",
  "setting": {
    "compileHotReLoad": true,
    "urlCheck": false
  },
  "condition": {
    "miniprogram": {
      "list": [
        {
          "name": "",
          "pathName": "pages/news/news-detail/news-detail",
          "query": "",
          "launchMode": "default",
          "scene": null
        }
      ]
    }
  },
  "libVersion": "2.30.2"
}