{
  "usingComponents": {
    "van-index-bar": "/miniprogram/miniprogram_npm/@vant/weapp/index-bar/index",
    "van-index-anchor": "/miniprogram/miniprogram_npm/@vant/weapp/index-anchor/index",
    "van-cell": "/miniprogram/miniprogram_npm/@vant/weapp/cell/index",
    "van-cell-group": "/miniprogram/miniprogram_npm/@vant/weapp/cell-group/index"
  
  },

  "navigationBarBackgroundColor": "#2E8B57",
  "navigationBarTextStyle": "white",
  "navigationBarTitleText": "社团列表",
  "enablePullDownRefresh": true
}